date,weekday,module,planned_hours,task
"2026-10-07","周三","W01","2","Transformer 路径与 Q/K/V 张量形状"
"2026-10-08","周四","W01","2","手算 prefill/decode，理解 KVCache"
"2026-10-09","周五","W01","2","MHA/GQA/MQA 与 KV 容量计算"
"2026-10-10","周六","W01","3","最小 Attention 的缓存前后结果对照"
"2026-10-11","周日","W01","3","生命周期复述、补漏和第 1 周验收"
"2026-10-12","周一","W02","2","区分 prefill 和 decode 的计算特征"
"2026-10-13","周二","W02","2","学习算术强度与 Roofline，估算性能上界"
"2026-10-14","周三","W02","2","理解 batching、并发与排队"
"2026-10-15","周四","W02","2","定义 TTFT、TPOT、ITL、吞吐与尾延迟"
"2026-10-16","周五","W02","2","设计控制变量和冷/热缓存测试"
"2026-10-17","周六","W02","3","写 KV 容量与搬运时间估算脚本"
"2026-10-18","周日","W02","3","输出一份实验协议，列清指标与可能的误判"
"2026-10-19","周一","W03","2","固定源码版本，识别 API、Engine Core、Worker"
"2026-10-20","周二","W03","2","追踪请求入队与状态变化"
"2026-10-21","周三","W03","2","追踪 scheduler 如何组 batch"
"2026-10-22","周四","W03","2","追踪模型执行与结果返回"
"2026-10-23","周五","W03","2","追踪 KV 分配、释放和异常路径"
"2026-10-24","周六","W03","3","整理一条完整源码调用链"
"2026-10-25","周日","W03","3","用一个三请求案例手动模拟执行"
"2026-10-26","周一","W04","2","PagedAttention 与逻辑/物理 KV 块"
"2026-10-27","周二","W04","2","前缀哈希、块共享与引用计数"
"2026-10-28","周三","W04","2","抢占、回收与重算"
"2026-10-29","周四","W04","2","chunked prefill 与 token budget"
"2026-10-30","周五","W04","2","分析长 prefill 对 decode 延迟的影响"
"2026-10-31","周六","W04","3","编写简化块分配器或调度模拟器"
"2026-11-01","周日","W04","3","对照真实实现，总结简化模型遗漏的约束"
"2026-11-02","周一","W05","2","追踪请求处理与 scheduler"
"2026-11-03","周二","W05","2","理解 Radix 前缀树"
"2026-11-04","周三","W05","2","模拟插入、命中、分叉和淘汰"
"2026-11-05","周四","W05","2","读 KV 管理与执行衔接"
"2026-11-06","周五","W05","2","逐项对照 vLLM 的实现取舍"
"2026-11-07","周六","W05","3","实现简化前缀树缓存，构造多轮会话负载"
"2026-11-08","周日","W05","3","形成有源码依据的框架对照笔记"
"2026-11-09","周一","W06","2","厘清引擎、connector 与外部缓存的职责"
"2026-11-10","周二","W06","2","追踪 lookup、store、retrieve"
"2026-11-11","周三","W06","2","理解分块、索引及数据布局"
"2026-11-12","周四","W06","2","研究 CPU/SSD 层的准入与淘汰"
"2026-11-13","周五","W06","2","研究异步预取与数据搬运"
"2026-11-14","周六","W06","3","设计 GPU/CPU/SSD 分层命中实验；无 GPU 时用模拟 trace"
"2026-11-15","周日","W06","3","核查如何证明命中来自指定层"
"2026-11-16","周一","W07","2","区分论文整体架构、Transfer Engine 和 Store"
"2026-11-17","周二","W07","2","读注册内存、Segment 与批量传输"
"2026-11-18","周三","W07","2","画控制通路与数据通路"
"2026-11-19","周四","W07","2","读对象放置、副本与淘汰"
"2026-11-20","周五","W07","2","比较缓存复用与 P/D 分离的数据流"
"2026-11-21","周六","W07","3","手算跨机 KV 传输成本，追踪一次对象取回"
"2026-11-22","周日","W07","3","画出两种真实集成路径并解释边界"
"2026-11-23","周一","W08","2","建立“恢复 KV vs 重新 prefill”的成本模型"
"2026-11-24","周二","W08","2","分析 chunk 大小与 I/O 形态"
"2026-11-25","周三","W08","2","分析队列深度、带宽和尾延迟"
"2026-11-26","周四","W08","2","研究预取与读写干扰"
"2026-11-27","周五","W08","2","评估容量收益、写入量与耐久性"
"2026-11-28","周六","W08","3","扫描参数，绘制取回/重算的分界图"
"2026-11-29","周日","W08","3","形成 SSD 需求与系统设计建议"
"2026-11-30","周一","W09","2","SFT 的数据、mask 与损失"
"2026-12-01","周二","W09","2","DPO 的偏好对、参考模型和 logprob"
"2026-12-02","周三","W09","2","PPO 的策略目标与重要性比率"
"2026-12-03","周四","W09","2","GRPO 的组内奖励与优势估计"
"2026-12-04","周五","W09","2","比较这几种方法的数据流与资源需求"
"2026-12-05","周六","W09","3","用小型张量案例验证损失和梯度"
"2026-12-06","周日","W09","3","总结概念边界及数值稳定性问题"
"2026-12-07","周一","W10","2","画 rollout → reward → update → sync 闭环"
"2026-12-08","周二","W10","2","追踪权重同步接口"
"2026-12-09","周三","W10","2","分析显存释放与恢复"
"2026-12-10","周四","W10","2","研究策略滞后与同步频率"
"2026-12-11","周五","W10","2","分析训练/推理 logprob 差异和旧 KV 失效"
"2026-12-12","周六","W10","3","设计最小闭环及验证点"
"2026-12-13","周日","W10","3","拆解同步和异步方案的性能与正确性取舍"
"2026-12-14","周一","W11","2","选择“KV 缓存准入或淘汰”一个问题"
"2026-12-15","周二","W11","2","建立 LRU 等简单基线"
"2026-12-16","周三","W11","2","定义可在线获得的特征，排除未来信息泄漏"
"2026-12-17","周四","W11","2","实现简单预测模型或启发式策略"
"2026-12-18","周五","W11","2","设计时间切分、漂移和误判成本测试"
"2026-12-19","周六","W11","3","在相同 trace 与容量预算下对比"
"2026-12-20","周日","W11","3","检查收益能否覆盖预测和维护开销"
"2026-12-21","周一","W12","2","固定问题、指标、环境和版本"
"2026-12-22","周二","W12","2","重跑基线并检查可复现性"
"2026-12-23","周三","W12","2","实现一个有边界的小改动"
"2026-12-24","周四","W12","2","做消融和压力测试"
"2026-12-25","周五","W12","2","分析失败案例与适用边界"
"2026-12-26","周六","W12","3","整理代码、图表和复现说明"
"2026-12-27","周日","W12","3","做一次 20 分钟技术讲解，回答设计取舍问题"
"2026-12-28","周一","补漏复验","2","回补启动周尚未覆盖的注意力推导、因果掩码和手算；已补齐则复验薄弱点"
"2026-12-29","周二","补漏复验","2","最终复现、证据核对和 192 小时学习复盘"
