mode,layers,query_heads,kv_heads,head_dim,requests,tokens,bytes_per_element,kv_bytes,kv_gib
MHA,32,32,32,128,1,1024,1,268435456,0.25
MHA,32,32,32,128,1,1024,2,536870912,0.5
MHA,32,32,32,128,1,1024,4,1073741824,1.0
MHA,32,32,32,128,1,2048,1,536870912,0.5
MHA,32,32,32,128,1,2048,2,1073741824,1.0
MHA,32,32,32,128,1,2048,4,2147483648,2.0
MHA,32,32,32,128,1,4096,1,1073741824,1.0
MHA,32,32,32,128,1,4096,2,2147483648,2.0
MHA,32,32,32,128,1,4096,4,4294967296,4.0
MHA,32,32,32,128,1,8192,1,2147483648,2.0
MHA,32,32,32,128,1,8192,2,4294967296,4.0
MHA,32,32,32,128,1,8192,4,8589934592,8.0
MHA,32,32,32,128,1,16384,1,4294967296,4.0
MHA,32,32,32,128,1,16384,2,8589934592,8.0
MHA,32,32,32,128,1,16384,4,17179869184,16.0
MHA,32,32,32,128,1,32768,1,8589934592,8.0
MHA,32,32,32,128,1,32768,2,17179869184,16.0
MHA,32,32,32,128,1,32768,4,34359738368,32.0
MHA,32,32,32,128,4,1024,1,1073741824,1.0
MHA,32,32,32,128,4,1024,2,2147483648,2.0
MHA,32,32,32,128,4,1024,4,4294967296,4.0
MHA,32,32,32,128,4,2048,1,2147483648,2.0
MHA,32,32,32,128,4,2048,2,4294967296,4.0
MHA,32,32,32,128,4,2048,4,8589934592,8.0
MHA,32,32,32,128,4,4096,1,4294967296,4.0
MHA,32,32,32,128,4,4096,2,8589934592,8.0
MHA,32,32,32,128,4,4096,4,17179869184,16.0
MHA,32,32,32,128,4,8192,1,8589934592,8.0
MHA,32,32,32,128,4,8192,2,17179869184,16.0
MHA,32,32,32,128,4,8192,4,34359738368,32.0
MHA,32,32,32,128,4,16384,1,17179869184,16.0
MHA,32,32,32,128,4,16384,2,34359738368,32.0
MHA,32,32,32,128,4,16384,4,68719476736,64.0
MHA,32,32,32,128,4,32768,1,34359738368,32.0
MHA,32,32,32,128,4,32768,2,68719476736,64.0
MHA,32,32,32,128,4,32768,4,137438953472,128.0
MHA,32,32,32,128,8,1024,1,2147483648,2.0
MHA,32,32,32,128,8,1024,2,4294967296,4.0
MHA,32,32,32,128,8,1024,4,8589934592,8.0
MHA,32,32,32,128,8,2048,1,4294967296,4.0
MHA,32,32,32,128,8,2048,2,8589934592,8.0
MHA,32,32,32,128,8,2048,4,17179869184,16.0
MHA,32,32,32,128,8,4096,1,8589934592,8.0
MHA,32,32,32,128,8,4096,2,17179869184,16.0
MHA,32,32,32,128,8,4096,4,34359738368,32.0
MHA,32,32,32,128,8,8192,1,17179869184,16.0
MHA,32,32,32,128,8,8192,2,34359738368,32.0
MHA,32,32,32,128,8,8192,4,68719476736,64.0
MHA,32,32,32,128,8,16384,1,34359738368,32.0
MHA,32,32,32,128,8,16384,2,68719476736,64.0
MHA,32,32,32,128,8,16384,4,137438953472,128.0
MHA,32,32,32,128,8,32768,1,68719476736,64.0
MHA,32,32,32,128,8,32768,2,137438953472,128.0
MHA,32,32,32,128,8,32768,4,274877906944,256.0
MHA,32,32,32,128,16,1024,1,4294967296,4.0
MHA,32,32,32,128,16,1024,2,8589934592,8.0
MHA,32,32,32,128,16,1024,4,17179869184,16.0
MHA,32,32,32,128,16,2048,1,8589934592,8.0
MHA,32,32,32,128,16,2048,2,17179869184,16.0
MHA,32,32,32,128,16,2048,4,34359738368,32.0
MHA,32,32,32,128,16,4096,1,17179869184,16.0
MHA,32,32,32,128,16,4096,2,34359738368,32.0
MHA,32,32,32,128,16,4096,4,68719476736,64.0
MHA,32,32,32,128,16,8192,1,34359738368,32.0
MHA,32,32,32,128,16,8192,2,68719476736,64.0
MHA,32,32,32,128,16,8192,4,137438953472,128.0
MHA,32,32,32,128,16,16384,1,68719476736,64.0
MHA,32,32,32,128,16,16384,2,137438953472,128.0
MHA,32,32,32,128,16,16384,4,274877906944,256.0
MHA,32,32,32,128,16,32768,1,137438953472,128.0
MHA,32,32,32,128,16,32768,2,274877906944,256.0
MHA,32,32,32,128,16,32768,4,549755813888,512.0
GQA,32,32,8,128,1,1024,1,67108864,0.0625
GQA,32,32,8,128,1,1024,2,134217728,0.125
GQA,32,32,8,128,1,1024,4,268435456,0.25
GQA,32,32,8,128,1,2048,1,134217728,0.125
GQA,32,32,8,128,1,2048,2,268435456,0.25
GQA,32,32,8,128,1,2048,4,536870912,0.5
GQA,32,32,8,128,1,4096,1,268435456,0.25
GQA,32,32,8,128,1,4096,2,536870912,0.5
GQA,32,32,8,128,1,4096,4,1073741824,1.0
GQA,32,32,8,128,1,8192,1,536870912,0.5
GQA,32,32,8,128,1,8192,2,1073741824,1.0
GQA,32,32,8,128,1,8192,4,2147483648,2.0
GQA,32,32,8,128,1,16384,1,1073741824,1.0
GQA,32,32,8,128,1,16384,2,2147483648,2.0
GQA,32,32,8,128,1,16384,4,4294967296,4.0
GQA,32,32,8,128,1,32768,1,2147483648,2.0
GQA,32,32,8,128,1,32768,2,4294967296,4.0
GQA,32,32,8,128,1,32768,4,8589934592,8.0
GQA,32,32,8,128,4,1024,1,268435456,0.25
GQA,32,32,8,128,4,1024,2,536870912,0.5
GQA,32,32,8,128,4,1024,4,1073741824,1.0
GQA,32,32,8,128,4,2048,1,536870912,0.5
GQA,32,32,8,128,4,2048,2,1073741824,1.0
GQA,32,32,8,128,4,2048,4,2147483648,2.0
GQA,32,32,8,128,4,4096,1,1073741824,1.0
GQA,32,32,8,128,4,4096,2,2147483648,2.0
GQA,32,32,8,128,4,4096,4,4294967296,4.0
GQA,32,32,8,128,4,8192,1,2147483648,2.0
GQA,32,32,8,128,4,8192,2,4294967296,4.0
GQA,32,32,8,128,4,8192,4,8589934592,8.0
GQA,32,32,8,128,4,16384,1,4294967296,4.0
GQA,32,32,8,128,4,16384,2,8589934592,8.0
GQA,32,32,8,128,4,16384,4,17179869184,16.0
GQA,32,32,8,128,4,32768,1,8589934592,8.0
GQA,32,32,8,128,4,32768,2,17179869184,16.0
GQA,32,32,8,128,4,32768,4,34359738368,32.0
GQA,32,32,8,128,8,1024,1,536870912,0.5
GQA,32,32,8,128,8,1024,2,1073741824,1.0
GQA,32,32,8,128,8,1024,4,2147483648,2.0
GQA,32,32,8,128,8,2048,1,1073741824,1.0
GQA,32,32,8,128,8,2048,2,2147483648,2.0
GQA,32,32,8,128,8,2048,4,4294967296,4.0
GQA,32,32,8,128,8,4096,1,2147483648,2.0
GQA,32,32,8,128,8,4096,2,4294967296,4.0
GQA,32,32,8,128,8,4096,4,8589934592,8.0
GQA,32,32,8,128,8,8192,1,4294967296,4.0
GQA,32,32,8,128,8,8192,2,8589934592,8.0
GQA,32,32,8,128,8,8192,4,17179869184,16.0
GQA,32,32,8,128,8,16384,1,8589934592,8.0
GQA,32,32,8,128,8,16384,2,17179869184,16.0
GQA,32,32,8,128,8,16384,4,34359738368,32.0
GQA,32,32,8,128,8,32768,1,17179869184,16.0
GQA,32,32,8,128,8,32768,2,34359738368,32.0
GQA,32,32,8,128,8,32768,4,68719476736,64.0
GQA,32,32,8,128,16,1024,1,1073741824,1.0
GQA,32,32,8,128,16,1024,2,2147483648,2.0
GQA,32,32,8,128,16,1024,4,4294967296,4.0
GQA,32,32,8,128,16,2048,1,2147483648,2.0
GQA,32,32,8,128,16,2048,2,4294967296,4.0
GQA,32,32,8,128,16,2048,4,8589934592,8.0
GQA,32,32,8,128,16,4096,1,4294967296,4.0
GQA,32,32,8,128,16,4096,2,8589934592,8.0
GQA,32,32,8,128,16,4096,4,17179869184,16.0
GQA,32,32,8,128,16,8192,1,8589934592,8.0
GQA,32,32,8,128,16,8192,2,17179869184,16.0
GQA,32,32,8,128,16,8192,4,34359738368,32.0
GQA,32,32,8,128,16,16384,1,17179869184,16.0
GQA,32,32,8,128,16,16384,2,34359738368,32.0
GQA,32,32,8,128,16,16384,4,68719476736,64.0
GQA,32,32,8,128,16,32768,1,34359738368,32.0
GQA,32,32,8,128,16,32768,2,68719476736,64.0
GQA,32,32,8,128,16,32768,4,137438953472,128.0
MQA,32,32,1,128,1,1024,1,8388608,0.0078125
MQA,32,32,1,128,1,1024,2,16777216,0.015625
MQA,32,32,1,128,1,1024,4,33554432,0.03125
MQA,32,32,1,128,1,2048,1,16777216,0.015625
MQA,32,32,1,128,1,2048,2,33554432,0.03125
MQA,32,32,1,128,1,2048,4,67108864,0.0625
MQA,32,32,1,128,1,4096,1,33554432,0.03125
MQA,32,32,1,128,1,4096,2,67108864,0.0625
MQA,32,32,1,128,1,4096,4,134217728,0.125
MQA,32,32,1,128,1,8192,1,67108864,0.0625
MQA,32,32,1,128,1,8192,2,134217728,0.125
MQA,32,32,1,128,1,8192,4,268435456,0.25
MQA,32,32,1,128,1,16384,1,134217728,0.125
MQA,32,32,1,128,1,16384,2,268435456,0.25
MQA,32,32,1,128,1,16384,4,536870912,0.5
MQA,32,32,1,128,1,32768,1,268435456,0.25
MQA,32,32,1,128,1,32768,2,536870912,0.5
MQA,32,32,1,128,1,32768,4,1073741824,1.0
MQA,32,32,1,128,4,1024,1,33554432,0.03125
MQA,32,32,1,128,4,1024,2,67108864,0.0625
MQA,32,32,1,128,4,1024,4,134217728,0.125
MQA,32,32,1,128,4,2048,1,67108864,0.0625
MQA,32,32,1,128,4,2048,2,134217728,0.125
MQA,32,32,1,128,4,2048,4,268435456,0.25
MQA,32,32,1,128,4,4096,1,134217728,0.125
MQA,32,32,1,128,4,4096,2,268435456,0.25
MQA,32,32,1,128,4,4096,4,536870912,0.5
MQA,32,32,1,128,4,8192,1,268435456,0.25
MQA,32,32,1,128,4,8192,2,536870912,0.5
MQA,32,32,1,128,4,8192,4,1073741824,1.0
MQA,32,32,1,128,4,16384,1,536870912,0.5
MQA,32,32,1,128,4,16384,2,1073741824,1.0
MQA,32,32,1,128,4,16384,4,2147483648,2.0
MQA,32,32,1,128,4,32768,1,1073741824,1.0
MQA,32,32,1,128,4,32768,2,2147483648,2.0
MQA,32,32,1,128,4,32768,4,4294967296,4.0
MQA,32,32,1,128,8,1024,1,67108864,0.0625
MQA,32,32,1,128,8,1024,2,134217728,0.125
MQA,32,32,1,128,8,1024,4,268435456,0.25
MQA,32,32,1,128,8,2048,1,134217728,0.125
MQA,32,32,1,128,8,2048,2,268435456,0.25
MQA,32,32,1,128,8,2048,4,536870912,0.5
MQA,32,32,1,128,8,4096,1,268435456,0.25
MQA,32,32,1,128,8,4096,2,536870912,0.5
MQA,32,32,1,128,8,4096,4,1073741824,1.0
MQA,32,32,1,128,8,8192,1,536870912,0.5
MQA,32,32,1,128,8,8192,2,1073741824,1.0
MQA,32,32,1,128,8,8192,4,2147483648,2.0
MQA,32,32,1,128,8,16384,1,1073741824,1.0
MQA,32,32,1,128,8,16384,2,2147483648,2.0
MQA,32,32,1,128,8,16384,4,4294967296,4.0
MQA,32,32,1,128,8,32768,1,2147483648,2.0
MQA,32,32,1,128,8,32768,2,4294967296,4.0
MQA,32,32,1,128,8,32768,4,8589934592,8.0
MQA,32,32,1,128,16,1024,1,134217728,0.125
MQA,32,32,1,128,16,1024,2,268435456,0.25
MQA,32,32,1,128,16,1024,4,536870912,0.5
MQA,32,32,1,128,16,2048,1,268435456,0.25
MQA,32,32,1,128,16,2048,2,536870912,0.5
MQA,32,32,1,128,16,2048,4,1073741824,1.0
MQA,32,32,1,128,16,4096,1,536870912,0.5
MQA,32,32,1,128,16,4096,2,1073741824,1.0
MQA,32,32,1,128,16,4096,4,2147483648,2.0
MQA,32,32,1,128,16,8192,1,1073741824,1.0
MQA,32,32,1,128,16,8192,2,2147483648,2.0
MQA,32,32,1,128,16,8192,4,4294967296,4.0
MQA,32,32,1,128,16,16384,1,2147483648,2.0
MQA,32,32,1,128,16,16384,2,4294967296,4.0
MQA,32,32,1,128,16,16384,4,8589934592,8.0
MQA,32,32,1,128,16,32768,1,4294967296,4.0
MQA,32,32,1,128,16,32768,2,8589934592,8.0
MQA,32,32,1,128,16,32768,4,17179869184,16.0
