output_token,context_tokens,full_qkv_token_rows,cached_qkv_token_rows,full_dense_score_cells,cached_dense_score_cells,full_cumulative_cells,cached_cumulative_cells
1,128,128,128,16384,16384,16384,16384
2,129,129,1,16641,129,33025,16513
3,130,130,1,16900,130,49925,16643
4,131,131,1,17161,131,67086,16774
5,132,132,1,17424,132,84510,16906
6,133,133,1,17689,133,102199,17039
7,134,134,1,17956,134,120155,17173
8,135,135,1,18225,135,138380,17308
9,136,136,1,18496,136,156876,17444
10,137,137,1,18769,137,175645,17581
11,138,138,1,19044,138,194689,17719
12,139,139,1,19321,139,214010,17858
13,140,140,1,19600,140,233610,17998
14,141,141,1,19881,141,253491,18139
15,142,142,1,20164,142,273655,18281
16,143,143,1,20449,143,294104,18424
17,144,144,1,20736,144,314840,18568
18,145,145,1,21025,145,335865,18713
19,146,146,1,21316,146,357181,18859
20,147,147,1,21609,147,378790,19006
21,148,148,1,21904,148,400694,19154
22,149,149,1,22201,149,422895,19303
23,150,150,1,22500,150,445395,19453
24,151,151,1,22801,151,468196,19604
25,152,152,1,23104,152,491300,19756
26,153,153,1,23409,153,514709,19909
27,154,154,1,23716,154,538425,20063
28,155,155,1,24025,155,562450,20218
29,156,156,1,24336,156,586786,20374
30,157,157,1,24649,157,611435,20531
31,158,158,1,24964,158,636399,20689
32,159,159,1,25281,159,661680,20848
33,160,160,1,25600,160,687280,21008
34,161,161,1,25921,161,713201,21169
35,162,162,1,26244,162,739445,21331
36,163,163,1,26569,163,766014,21494
37,164,164,1,26896,164,792910,21658
38,165,165,1,27225,165,820135,21823
39,166,166,1,27556,166,847691,21989
40,167,167,1,27889,167,875580,22156
41,168,168,1,28224,168,903804,22324
42,169,169,1,28561,169,932365,22493
43,170,170,1,28900,170,961265,22663
44,171,171,1,29241,171,990506,22834
45,172,172,1,29584,172,1020090,23006
46,173,173,1,29929,173,1050019,23179
47,174,174,1,30276,174,1080295,23353
48,175,175,1,30625,175,1110920,23528
49,176,176,1,30976,176,1141896,23704
50,177,177,1,31329,177,1173225,23881
51,178,178,1,31684,178,1204909,24059
52,179,179,1,32041,179,1236950,24238
53,180,180,1,32400,180,1269350,24418
54,181,181,1,32761,181,1302111,24599
55,182,182,1,33124,182,1335235,24781
56,183,183,1,33489,183,1368724,24964
57,184,184,1,33856,184,1402580,25148
58,185,185,1,34225,185,1436805,25333
59,186,186,1,34596,186,1471401,25519
60,187,187,1,34969,187,1506370,25706
61,188,188,1,35344,188,1541714,25894
62,189,189,1,35721,189,1577435,26083
63,190,190,1,36100,190,1613535,26273
64,191,191,1,36481,191,1650016,26464
65,192,192,1,36864,192,1686880,26656
66,193,193,1,37249,193,1724129,26849
67,194,194,1,37636,194,1761765,27043
68,195,195,1,38025,195,1799790,27238
69,196,196,1,38416,196,1838206,27434
70,197,197,1,38809,197,1877015,27631
71,198,198,1,39204,198,1916219,27829
72,199,199,1,39601,199,1955820,28028
73,200,200,1,40000,200,1995820,28228
74,201,201,1,40401,201,2036221,28429
75,202,202,1,40804,202,2077025,28631
76,203,203,1,41209,203,2118234,28834
77,204,204,1,41616,204,2159850,29038
78,205,205,1,42025,205,2201875,29243
79,206,206,1,42436,206,2244311,29449
80,207,207,1,42849,207,2287160,29656
81,208,208,1,43264,208,2330424,29864
82,209,209,1,43681,209,2374105,30073
83,210,210,1,44100,210,2418205,30283
84,211,211,1,44521,211,2462726,30494
85,212,212,1,44944,212,2507670,30706
86,213,213,1,45369,213,2553039,30919
87,214,214,1,45796,214,2598835,31133
88,215,215,1,46225,215,2645060,31348
89,216,216,1,46656,216,2691716,31564
90,217,217,1,47089,217,2738805,31781
91,218,218,1,47524,218,2786329,31999
92,219,219,1,47961,219,2834290,32218
93,220,220,1,48400,220,2882690,32438
94,221,221,1,48841,221,2931531,32659
95,222,222,1,49284,222,2980815,32881
96,223,223,1,49729,223,3030544,33104
97,224,224,1,50176,224,3080720,33328
98,225,225,1,50625,225,3131345,33553
99,226,226,1,51076,226,3182421,33779
100,227,227,1,51529,227,3233950,34006
101,228,228,1,51984,228,3285934,34234
102,229,229,1,52441,229,3338375,34463
103,230,230,1,52900,230,3391275,34693
104,231,231,1,53361,231,3444636,34924
105,232,232,1,53824,232,3498460,35156
106,233,233,1,54289,233,3552749,35389
107,234,234,1,54756,234,3607505,35623
108,235,235,1,55225,235,3662730,35858
109,236,236,1,55696,236,3718426,36094
110,237,237,1,56169,237,3774595,36331
111,238,238,1,56644,238,3831239,36569
112,239,239,1,57121,239,3888360,36808
113,240,240,1,57600,240,3945960,37048
114,241,241,1,58081,241,4004041,37289
115,242,242,1,58564,242,4062605,37531
116,243,243,1,59049,243,4121654,37774
117,244,244,1,59536,244,4181190,38018
118,245,245,1,60025,245,4241215,38263
119,246,246,1,60516,246,4301731,38509
120,247,247,1,61009,247,4362740,38756
121,248,248,1,61504,248,4424244,39004
122,249,249,1,62001,249,4486245,39253
123,250,250,1,62500,250,4548745,39503
124,251,251,1,63001,251,4611746,39754
125,252,252,1,63504,252,4675250,40006
126,253,253,1,64009,253,4739259,40259
127,254,254,1,64516,254,4803775,40513
128,255,255,1,65025,255,4868800,40768
