batch,context,step_ms,output_tokens_s,per_request_tokens_s,kv_gib
1,1024,10.4228992,95.94259531935222,95.94259531935222,0.125
2,1024,10.512465066666666,190.25033494205636,95.12516747102818,0.25
4,1024,10.691596800000001,374.125593662492,93.531398415623,0.5
8,1024,11.049860266666666,723.9910557179655,90.49888196474569,1.0
16,1024,11.7663872,1359.805667452453,84.98785421577831,2.0
32,1024,13.199441066666667,2424.345079339117,75.76078372934741,4.0
64,1024,16.065548800000002,3983.679661164142,62.24499470568972,8.0
1,8192,11.049248597333333,90.50389184304747,90.50389184304747,1.0
2,8192,11.765163861333335,169.99338246134226,84.99669123067113,2.0
4,8192,13.196994389333334,303.0993180714739,75.77482951786847,4.0
8,8192,16.06065544533333,498.1116759045175,62.263959488064685,8.0
16,8192,21.787977557333335,734.3499394515745,45.89687121572341,16.0
32,8192,33.242621781333334,962.6196215958182,30.08186317486932,32.0
64,8192,56.15191022933334,1139.7653212261846,17.808833144159134,64.0
1,32768,13.196732245333333,75.77633473268527,75.77633473268527,4.0
2,32768,16.06013115733333,124.53198422895605,62.265992114478024,8.0
4,32768,21.786928981333332,183.59632068508284,45.89908017127071,16.0
8,32768,33.240524629333336,240.67008836979497,30.08376104622437,32.0
16,32768,56.14771592533333,284.9626157772332,17.810163486077077,64.0
32,32768,101.96209851733333,313.8421086396145,9.807565894987953,128.0
64,32768,193.59086370133332,330.5941136702476,5.165533026097619,256.0
