id,arrival_s,service_s,start_s,end_s,wait_s,response_s
2000,11.069855372662094,0.0051659587540165775,11.130094642169412,11.135260600923429,0.06023926950731884,0.06540522826133532
2001,11.074540354029686,0.00041142597578290997,11.135260600923429,11.135672026899211,0.06072024689374267,0.06113167286952503
2002,11.077219888608814,0.004695209907206651,11.135672026899211,11.140367236806417,0.05845213829039686,0.06314734819760304
2003,11.089321729775364,0.012464557266881303,11.140367236806417,11.152831794073299,0.051045507031053816,0.06351006429793493
2004,11.095413259030458,0.0025885060818846366,11.152831794073299,11.155420300155184,0.057418535042840446,0.060007041124725546
2005,11.101745422215933,0.02289319766678222,11.155420300155184,11.178313497821966,0.053674877939251076,0.0765680756060334
2006,11.106761146025445,0.0004802216618373943,11.178313497821966,11.178793719483803,0.07155235179652131,0.07203257345835823
2007,11.11051069501836,0.0024098996791004287,11.178793719483803,11.181203619162904,0.06828302446544221,0.07069292414454331
2008,11.118252007715155,0.0015121395548328492,11.181203619162904,11.182715758717737,0.0629516114477493,0.06446375100258273
2009,11.122250450447131,0.012035645889793436,11.182715758717737,11.194751404607532,0.060465308270606144,0.07250095416040025
2010,11.125446591654494,0.00752123856168984,11.194751404607532,11.202272643169222,0.06930481295303714,0.07682605151472721
2011,11.127181380725215,0.005428628930990641,11.202272643169222,11.207701272100213,0.07509126244400655,0.0805198913749976
2012,11.128697912310356,0.00346354635505264,11.207701272100213,11.211164818455265,0.07900335978985673,0.08246690614490859
2013,11.134727084390414,0.007852672057495867,11.211164818455265,11.21901749051276,0.0764377340648501,0.08429040612234573
2014,11.135734361321923,0.003548669827887585,11.21901749051276,11.222566160340648,0.08328312919083736,0.08683179901872506
2015,11.14151781684287,0.000513545439050345,11.222566160340648,11.223079705779698,0.08104834349777867,0.08156188893682881
2016,11.142017695737243,0.009480277588809004,11.223079705779698,11.232559983368507,0.08106201004245506,0.09054228763126382
2017,11.145188792947913,0.0037732228863208424,11.232559983368507,11.236333206254828,0.08737119042059405,0.0911444133069157
2018,11.150309827018404,0.010906072001883609,11.236333206254828,11.247239278256712,0.08602337923642445,0.09692945123830832
2019,11.154703429564984,0.0035274123679857956,11.247239278256712,11.250766690624697,0.09253584869172826,0.09606326105971341
2020,11.156409313717806,0.002578564588763066,11.250766690624697,11.25334525521346,0.09435737690689194,0.09693594149565499
2021,11.166543319691817,0.00430812671370642,11.25334525521346,11.257653381927167,0.08680193552164361,0.09111006223534979
2022,11.17554403866244,0.004698128129064391,11.257653381927167,11.26235151005623,0.08210934326472596,0.08680747139379008
2023,11.177758159063147,0.011349113397945752,11.26235151005623,11.273700623454177,0.0845933509930834,0.0959424643910296
2024,11.18204518131905,0.006646912965838639,11.273700623454177,11.280347536420015,0.09165544213512788,0.09830235510096585
2025,11.193614900106516,0.004890849036125116,11.280347536420015,11.28523838545614,0.08673263631349926,0.09162348534962383
2026,11.19664558592706,0.008043664220058687,11.28523838545614,11.293282049676199,0.08859279952907961,0.09663646374913881
2027,11.197617158975186,0.002168366265727409,11.293282049676199,11.295450415941927,0.0956648907010127,0.09783325696674083
2028,11.198276788093155,0.0014872204130877973,11.295450415941927,11.296937636355015,0.09717362784877182,0.09866084826185961
2029,11.204241167469096,0.002770720618316991,11.296937636355015,11.299708356973332,0.09269646888591865,0.0954671895042356
2030,11.208404505432968,0.018218591453499758,11.299708356973332,11.317926948426832,0.09130385154036347,0.10952244299386393
2031,11.228183204238636,0.0009459624994452203,11.317926948426832,11.318872910926277,0.08974374418819586,0.09068970668764109
2032,11.231304919220728,0.004187008035926437,11.318872910926277,11.323059918962203,0.08756799170554963,0.09175499974147527
2033,11.243203453816873,0.0014464897297828347,11.323059918962203,11.324506408691986,0.07985646514532974,0.08130295487511319
2034,11.24637042205759,0.007980505206640405,11.324506408691986,11.332486913898627,0.07813598663439691,0.08611649184103776
2035,11.25289573912,0.0013296866001308574,11.332486913898627,11.333816600498759,0.07959117477862776,0.08092086137875931
2036,11.265482890524815,0.010968383026533484,11.333816600498759,11.344784983525292,0.06833370997394361,0.07930209300047686
2037,11.266221001515728,0.003893579745078338,11.344784983525292,11.34867856327037,0.07856398200956427,0.08245756175464258
2038,11.268740022714306,0.0017228526168005587,11.34867856327037,11.350401415887172,0.0799385405560642,0.08166139317286536
2039,11.279421831218553,0.0022609658603565345,11.350401415887172,11.352662381747528,0.07097958466861876,0.07324055052897549
2040,11.279924228423717,0.0028874075514770253,11.352662381747528,11.355549789299005,0.07273815332381162,0.07562556087528804
2041,11.281639063369136,0.0033532115829896635,11.355549789299005,11.358903000881995,0.0739107259298688,0.07726393751285876
2042,11.296351375893652,0.012856295655515047,11.358903000881995,11.37175929653751,0.06255162498834288,0.07540792064385826
2043,11.299958891143145,0.009806230765346171,11.37175929653751,11.381565527302856,0.07180040539436483,0.08160663615971053
2044,11.306487161143957,0.002791516183108697,11.381565527302856,11.384357043485965,0.07507836615889829,0.0778698823420072
2045,11.308941205883112,0.0028698597232220406,11.384357043485965,11.387226903209188,0.07541583760285242,0.07828569732607527
2046,11.332072045447505,0.004056706422008506,11.387226903209188,11.391283609631197,0.05515485776168205,0.05921156418369122
2047,11.338811465549671,0.00511851634861123,11.391283609631197,11.396402125979808,0.05247214408152523,0.05759066043013661
2048,11.339586074408484,0.005861659802707748,11.396402125979808,11.402263785782516,0.05681605157132452,0.06267771137403244
2049,11.342302738706502,0.0025782282775115967,11.402263785782516,11.404842014060028,0.059961047076013685,0.06253927535352588
2050,11.343830881475709,0.00012638314982131926,11.404842014060028,11.40496839720985,0.06101113258431923,0.06113751573414028
2051,11.34494788113083,0.016721652437873876,11.40496839720985,11.421690049647722,0.06002051607901926,0.0767421685168923
2052,11.349656834102383,0.0005788155230988229,11.421690049647722,11.422268865170821,0.07203321554533915,0.07261203106843794
2053,11.392812401936686,0.00020588120583970855,11.422268865170821,11.422474746376661,0.0294564632341352,0.029662344439975286
2054,11.394143802011099,0.009593263310179323,11.422474746376661,11.43206800968684,0.02833094436556216,0.03792420767574178
2055,11.402009257713816,0.013039015588391734,11.43206800968684,11.445107025275233,0.030058751973024656,0.04309776756141659
2056,11.40442186480086,0.0005608951920312133,11.445107025275233,11.445667920467264,0.040685160474373205,0.04124605566640405
2057,11.405432633829488,0.0022383787363292056,11.445667920467264,11.447906299203593,0.04023528663777576,0.04247366537410535
2058,11.414378594049946,0.0026676525305640002,11.447906299203593,11.450573951734157,0.03352770515364689,0.03619535768421045
2059,11.42113910378573,0.0024378560807340006,11.450573951734157,11.45301180781489,0.029434847948426324,0.031872704029160204
2060,11.426817554547233,0.0020969040173945954,11.45301180781489,11.455108711832285,0.026194253267657785,0.028291157285051938
2061,11.429518694784736,0.008576279429918433,11.455108711832285,11.463684991262204,0.025590017047548486,0.034166296477467384
2062,11.442491195690843,0.005801322050924323,11.463684991262204,11.469486313313128,0.02119379557136014,0.02699511762228468
2063,11.447685505012828,0.0010341825978487302,11.469486313313128,11.470520495910977,0.02180080830030029,0.022834990898148888
2064,11.447929777775407,0.0003428083509203835,11.470520495910977,11.470863304261897,0.022590718135569787,0.022933526486490052
2065,11.4503581845526,0.003742074300282206,11.470863304261897,11.47460537856218,0.020505119709296693,0.024247194009578976
2066,11.45193843265409,0.007106798796435601,11.47460537856218,11.481712177358615,0.02266694590808882,0.02977374470452432
2067,11.4520817103091,0.007772231376309814,11.481712177358615,11.489484408734924,0.029630467049514664,0.037402698425824
2068,11.454036336399819,0.0071019507141972605,11.489484408734924,11.496586359449122,0.03544807233510561,0.04255002304930322
2069,11.468391851168857,0.0015209121611880986,11.496586359449122,11.49810727161031,0.02819450828026504,0.02971542044145359
2070,11.472965061884684,0.0006435635488011837,11.49810727161031,11.498750835159111,0.025142209725625975,0.02578577327442666
2071,11.488970540911371,0.004559105777185698,11.498750835159111,11.503309940936298,0.009780294247740073,0.014339400024926618
2072,11.489494387953709,0.005821093552992348,11.503309940936298,11.50913103448929,0.013815552982588741,0.019636646535580837
2073,11.490401112506854,0.007241981042925042,11.50913103448929,11.516373015532215,0.018729921982435727,0.025971903025361343
2074,11.496029890718235,0.01910689623033869,11.516373015532215,11.535479911762554,0.02034312481398004,0.03945002104431872
2075,11.497611009045132,0.006074923992693026,11.535479911762554,11.541554835755248,0.03786890271742216,0.043943826710115985
2076,11.506217211113922,0.003160450858817159,11.541554835755248,11.544715286614064,0.035337624641325505,0.03849807550014184
2077,11.506838352123536,0.002116578760900341,11.544715286614064,11.546831865374964,0.03787693449052831,0.03999351325142797
2078,11.510336726933417,0.003011968705575527,11.546831865374964,11.549843834080539,0.036495138441546615,0.0395071071471218
2079,11.516926178722983,0.0028596163510134134,11.549843834080539,11.552703450431553,0.032917655357556086,0.03577727170856981
2080,11.537378316403025,0.008616546679889002,11.552703450431553,11.561319997111442,0.015325134028527643,0.023941680708416513
2081,11.540394407360932,0.0006809759218426848,11.561319997111442,11.562000973033284,0.020925589750509843,0.021606565672351863
2082,11.541287230391097,0.004497140311072243,11.562000973033284,11.566498113344355,0.020713742642186617,0.025210882953258462
2083,11.542937610282092,0.00715439742355661,11.566498113344355,11.573652510767912,0.02356050306226365,0.030714900485820706
2084,11.550464025520323,0.0007425890970126055,11.573652510767912,11.574395099864924,0.023188485247588986,0.023931074344600844
2085,11.5507759410498,0.0036803966414250405,11.574395099864924,11.578075496506349,0.023619158815124663,0.027299555456549385
2086,11.5528997821113,0.01014490174785446,11.578075496506349,11.588220398254203,0.025175714395048843,0.035320616142902495
2087,11.55769730215316,0.004151508627776808,11.588220398254203,11.59237190688198,0.030523096101042313,0.03467460472881889
2088,11.558500139496376,0.008039936236049584,11.59237190688198,11.600411843118028,0.03387176738560349,0.04191170362165231
2089,11.559117799183179,0.0012578070524463499,11.600411843118028,11.601669650170475,0.041294043934849256,0.04255185098729619
2090,11.560816465193765,0.010319767878152152,11.601669650170475,11.611989418048628,0.040853184976709755,0.051172952854862785
2091,11.568437823233243,0.0012150783787164515,11.611989418048628,11.613204496427345,0.043551594815385286,0.044766673194102324
2092,11.571988907643512,0.00236761865601008,11.613204496427345,11.615572115083355,0.04121558878383347,0.04358320743984301
2093,11.579130739031415,0.014310516156094275,11.615572115083355,11.629882631239449,0.036441376051939756,0.050751892208033667
2094,11.581674856514013,0.004168219651613853,11.629882631239449,11.634050850891063,0.04820777472543547,0.05237599437704965
2095,11.583276243823601,0.005358621968596953,11.634050850891063,11.63940947285966,0.05077460706746173,0.05613322903605855
2096,11.584443661510415,0.011073884971759866,11.63940947285966,11.650483357831419,0.05496581134924483,0.06603969632100437
2097,11.588275697669072,0.010839603212794969,11.650483357831419,11.661322961044213,0.06220766016234691,0.07304726337514111
2098,11.597887479376999,8.178504123318647e-05,11.661322961044213,11.661404746085447,0.06343548166721469,0.06351726670844826
2099,11.598205952248888,0.00243162797386059,11.661404746085447,11.663836374059308,0.06319879383655902,0.06563042181042
2100,11.600504370397356,0.003059385627928977,11.663836374059308,11.666895759687236,0.06333200366195157,0.06639138928987975
2101,11.600791285716449,0.009041094864127719,11.666895759687236,11.675936854551363,0.06610447397078723,0.0751455688349143
2102,11.60123657430042,0.004952583066990108,11.675936854551363,11.680889437618353,0.07470028025094244,0.07965286331793209
2103,11.603286175549043,0.0034269421764678283,11.680889437618353,11.68431637979482,0.07760326206931012,0.08103020424577778
2104,11.611615166405242,0.019156943195508827,11.68431637979482,11.703473322990328,0.07270121338957836,0.09185815658508645
2105,11.613003186623763,0.008071325467371321,11.703473322990328,11.7115446484577,0.09047013636656587,0.0985414618339373
2106,11.61855642093269,0.00012161967896863914,11.7115446484577,11.71166626813667,0.09298822752501046,0.09310984720397997
2107,11.62134706506751,0.003730145998156022,11.71166626813667,11.715396414134826,0.09031920306915886,0.09404934906731555
2108,11.627693596677501,0.0065826476126696195,11.715396414134826,11.721979061747495,0.08770281745732511,0.09428546506999425
2109,11.638029254855272,0.010745643263113967,11.721979061747495,11.73272470501061,0.08394980689222287,0.09469545015533676
2110,11.656471098715539,0.0047538870316859135,11.73272470501061,11.737478592042295,0.0762536062950705,0.08100749332675683
2111,11.657923881300198,0.0022135050478190857,11.737478592042295,11.739692097090115,0.07955471074209797,0.08176821578991778
2112,11.66007484515051,0.0010255730618624539,11.739692097090115,11.740717670151978,0.0796172519396059,0.08064282500146902
2113,11.66602536348469,0.003488838974687995,11.740717670151978,11.744206509126666,0.07469230666728777,0.07818114564197565
2114,11.669073700203533,0.00611528094929466,11.744206509126666,11.750321790075962,0.0751328089231329,0.08124808987242815
2115,11.691026339754934,0.00013364407952913042,11.750321790075962,11.75045543415549,0.05929545032102723,0.05942909440055644
2116,11.691277624081891,0.004009518743398964,11.75045543415549,11.75446495289889,0.059177810073599346,0.06318732881699773
2117,11.694793355291479,0.0023118656943923637,11.75446495289889,11.756776818593282,0.059671597607410476,0.06198346330180371
2118,11.701979934140427,0.016761176989185778,11.756776818593282,11.773537995582469,0.054796884452855465,0.07155806144204213
2119,11.704113542033726,0.0023862097352602856,11.773537995582469,11.775924205317729,0.06942445354874316,0.07181066328400298
2120,11.705259717639684,0.008532406571635408,11.775924205317729,11.784456611889365,0.07066448767804445,0.07919689424968013
2121,11.705630824045477,0.002705268268276329,11.784456611889365,11.78716188015764,0.07882578784388805,0.08153105611216382
2122,11.7062386334702,0.009235841821505069,11.78716188015764,11.796397721979146,0.08092324668744055,0.09015908850894583
2123,11.717334759816465,0.0011144358766737115,11.796397721979146,11.79751215785582,0.0790629621626806,0.0801773980393552
2124,11.727479147295549,0.0034220901166917323,11.79751215785582,11.800934247972512,0.07003301056027134,0.07345510067696281
2125,11.740350862087528,0.012251275252338475,11.800934247972512,11.81318552322485,0.0605833858849838,0.07283466113732295
2126,11.741145336106339,0.011272142812833404,11.81318552322485,11.824457666037684,0.07204018711851212,0.08331232993134563
2127,11.74560273553016,0.0021004668948618396,11.824457666037684,11.826558132932545,0.07885493050752501,0.080955397402386
2128,11.747070596445232,0.007937357456615198,11.826558132932545,11.83449549038916,0.07948753648731355,0.08742489394392905
2129,11.755079808840119,0.013152366769530955,11.83449549038916,11.847647857158691,0.0794156815490421,0.09256804831857224
2130,11.762803214727914,0.00715683819703983,11.847647857158691,11.85480469535573,0.08484464243077738,0.09200148062781643
2131,11.76805179481855,0.0035836655994036437,11.85480469535573,11.858388360955134,0.08675290053717966,0.09033656613658358
2132,11.774991482072837,0.0035797569351560575,11.858388360955134,11.86196811789029,0.08339687888229719,0.08697663581745374
2133,11.78178134110179,0.0031846557037862448,11.86196811789029,11.865152773594076,0.08018677678849961,0.08337143249228518
2134,11.795643152334083,0.01307241078594986,11.865152773594076,11.878225184380026,0.06950962125999283,0.08258203204594317
2135,11.800976441203977,0.007409956427476105,11.878225184380026,11.885635140807503,0.07724874317604957,0.08465869960352634
2136,11.834496010320045,0.014857932445123831,11.885635140807503,11.900493073252626,0.05113913048745822,0.06599706293258123
2137,11.835572380533335,0.013883078529464325,11.900493073252626,11.91437615178209,0.06492069271929068,0.07880377124875437
2138,11.839470106524184,0.005669797679969999,11.91437615178209,11.92004594946206,0.07490604525790623,0.08057584293787556
2139,11.845661108871852,0.00551317852986952,11.92004594946206,11.925559127991928,0.07438484059020745,0.07989801912007621
2140,11.84927849913946,0.010180348897538853,11.925559127991928,11.935739476889466,0.07628062885246756,0.08646097775000605
2141,11.851601276960384,0.0027607977135098417,11.935739476889466,11.938500274602976,0.08413819992908245,0.08689899764259224
2142,11.85230828418387,0.0019841630220659968,11.938500274602976,11.940484437625042,0.08619199041910619,0.08817615344117158
2143,11.854671416621587,0.0003242710291632051,11.940484437625042,11.940808708654204,0.08581302100345489,0.08613729203261755
2144,11.855307078538361,0.0008616626995650061,11.940808708654204,11.94167037135377,0.08550163011584289,0.08636329281540789
2145,11.85833800279005,0.005079325447330374,11.94167037135377,11.946749696801099,0.08333236856371862,0.08841169401104843
2146,11.859345632387493,0.0018339687070282281,11.946749696801099,11.948583665508128,0.08740406441360626,0.08923803312063505
2147,11.86010256426023,0.0007887005133521383,11.948583665508128,11.94937236602148,0.08848110124789876,0.08926980176125099
2148,11.864476594126806,0.001915471124937465,11.94937236602148,11.951287837146417,0.0848957718946739,0.08681124301961063
2149,11.866547330807471,0.00044616980221091554,11.951287837146417,11.951734006948628,0.08474050633894592,0.08518667614115749
2150,11.868444693700745,0.0033593999629641953,11.951734006948628,11.955093406911592,0.08328931324788336,0.0866487132108471
2151,11.874598288892107,0.008981668709962415,11.955093406911592,11.964075075621555,0.08049511801948483,0.08947678672944726
2152,11.886008517740889,0.0054666182209311374,11.964075075621555,11.969541693842485,0.07806655788066585,0.0835331761015965
2153,11.896903606195076,0.005580001363291036,11.969541693842485,11.975121695205777,0.07263808764740887,0.07821808901070071
2154,11.903792638281525,0.001871692851881644,11.975121695205777,11.97699338805766,0.0713290569242524,0.07320074977613444
2155,11.912293284538114,0.001048264106860395,11.97699338805766,11.978041652164519,0.06470010351954514,0.06574836762640501
2156,11.913350348336927,0.0057953511729755105,11.978041652164519,11.983837003337495,0.06469130382759225,0.07048665500056828
2157,11.91453998672836,0.0069021896554481545,11.983837003337495,11.990739192992944,0.06929701660913423,0.0761992062645831
2158,11.918116266764029,0.0010329802753355352,11.990739192992944,11.991772173268279,0.07262292622891486,0.07365590650424991
2159,11.918737599846592,0.005859152854979003,11.991772173268279,11.997631326123258,0.07303457342168684,0.07889372627666624
2160,11.932416510178822,0.0015680130714870461,11.997631326123258,11.999199339194746,0.06521481594443657,0.06678282901592425
2161,11.948160617289334,0.0014899332053493755,11.999199339194746,12.000689272400095,0.05103872190541203,0.05252865511076088
2162,11.95763638368809,0.0068823038356124544,12.000689272400095,12.007571576235707,0.043052888712004744,0.04993519254761658
2163,11.959999927725335,0.009130895632850715,12.007571576235707,12.016702471868557,0.0475716485103721,0.05670254414322251
2164,11.9665739506632,0.0004252950409230859,12.016702471868557,12.01712776690948,0.050128521205357046,0.05055381624628019
2165,11.966666543802294,0.012164187100339754,12.01712776690948,12.02929195400982,0.05046122310718637,0.06262541020752543
2166,11.968683039120856,0.0035749634144142408,12.02929195400982,12.032866917424233,0.06060891488896303,0.06418387830337657
2167,11.974131721470245,0.026051955568967125,12.032866917424233,12.0589188729932,0.058735195953987684,0.08478715152295457
2168,11.974643967414504,0.010270713554476816,12.0589188729932,12.069189586547676,0.08427490557869532,0.0945456191331715
2169,11.979236943172083,0.016818274955273098,12.069189586547676,12.08600786150295,0.08995264337559306,0.1067709183308665
2170,11.98106767540592,0.005693196689722162,12.08600786150295,12.09170105819267,0.10494018609702849,0.11063338278674983
2171,11.983645888031146,0.020907285861487487,12.09170105819267,12.112608344054157,0.10805517016152422,0.12896245602301093
2172,11.986934350713069,0.003576364404763454,12.112608344054157,12.11618470845892,0.12567399334108842,0.12925035774585147
2173,11.988397626444439,0.0075509086806629985,12.11618470845892,12.123735617139584,0.12778708201448197,0.1353379906951453
2174,11.997245973682164,0.0014310916932557638,12.123735617139584,12.12516670883284,0.1264896434574201,0.12792073515067592
2175,12.000703577130063,0.008795161072590197,12.12516670883284,12.13396186990543,0.12446313170277712,0.13325829277536805
2176,12.004168584957224,0.0065486512680707695,12.13396186990543,12.140510521173502,0.12979328494820663,0.13634193621627766
2177,12.007901027271927,0.001611175498008347,12.140510521173502,12.14212169667151,0.13260949390157428,0.134220669399582
2178,12.019935299150934,0.00019069491610052965,12.14212169667151,12.142312391587609,0.1221863975205757,0.12237709243667538
2179,12.0249815015727,0.014271990162993249,12.142312391587609,12.156584381750601,0.11733089001490882,0.13160288017790123
2180,12.025365921361496,0.0006487173934132184,12.156584381750601,12.157233099144015,0.13121846038910512,0.1318671777825191
2181,12.029788212230406,0.005547931040719254,12.157233099144015,12.162781030184735,0.12744488691360978,0.13299281795432982
2182,12.036955286907883,0.0023969850192048104,12.162781030184735,12.16517801520394,0.12582574327685236,0.1282227282960573
2183,12.04746718231496,0.004383805017579415,12.16517801520394,12.169561820221519,0.11771083288897977,0.12209463790655839
2184,12.050177691922633,0.003982214925449309,12.169561820221519,12.173544035146968,0.11938412829888634,0.12336634322433504
2185,12.050438521718691,0.00033734579062804254,12.173544035146968,12.173881380937596,0.12310551342827658,0.12344285921890474
2186,12.051454799493113,0.014231094519621188,12.173881380937596,12.188112475457217,0.12242658144448271,0.13665767596410383
2187,12.056951454365302,0.0006896533302462328,12.188112475457217,12.188802128787463,0.13116102109191452,0.1318506744221608
2188,12.057714268812202,0.002411708683586656,12.188802128787463,12.19121383747105,0.13108785997526162,0.1334995686588485
2189,12.067393148012808,0.0038302956541417955,12.19121383747105,12.195044133125192,0.12382068945824187,0.1276509851123837
2190,12.073407866304226,0.009824314464088652,12.195044133125192,12.20486844758928,0.12163626682096584,0.13146058128505445
2191,12.074041902860198,0.002570714182130911,12.20486844758928,12.207439161771411,0.13082654472908217,0.1333972589112129
2192,12.092157556909875,0.005433530657690005,12.207439161771411,12.212872692429102,0.11528160486153638,0.12071513551922664
2193,12.100162737287393,0.0017963485910710288,12.212872692429102,12.214669041020173,0.11270995514170856,0.11450630373277981
2194,12.110288342188849,0.001999252120828425,12.214669041020173,12.216668293141002,0.10438069883132428,0.10637995095215302
2195,12.113007176612577,0.008225548919098711,12.216668293141002,12.2248938420601,0.10366111652842491,0.11188666544752301
2196,12.113013498081711,3.668112099132126e-05,12.2248938420601,12.224930523181092,0.1118803439783882,0.1119170250993804
2197,12.144715499508546,0.0013833497135683386,12.224930523181092,12.22631387289466,0.08021502367254563,0.08159837338611453
2198,12.155532307091086,0.0049620131022049705,12.22631387289466,12.231275885996865,0.07078156580357486,0.07574357890577943
2199,12.16461513346771,0.003468851041314866,12.231275885996865,12.23474473703818,0.06666075252915604,0.07012960357047149
