rho,arrival_rate,service_rate,seed,warmup,n,mean_ms,p50_ms,p95_ms,p99_ms,analytic_mean_ms
0.2,40.0,200,20261012,2000,10000,6.1556966076024375,4.301057262949826,18.626601427627065,27.622348057889212,6.25
0.2,40.0,200,20261013,2000,10000,6.321919027937242,4.398664476497061,18.887515118379383,28.487160571160075,6.25
0.2,40.0,200,20261014,2000,10000,6.102687311794463,4.196469548674031,18.19505483069861,28.287824060299727,6.25
0.2,40.0,200,20261015,2000,10000,6.344418480243809,4.440525861610922,19.013018887619637,28.905749966554595,6.25
0.2,40.0,200,20261016,2000,10000,6.245085324130541,4.377253952654314,18.74770567064843,28.078565365092345,6.25
0.5,100.0,200,20261012,2000,10000,9.797365890222757,6.726023355483335,29.175784215539124,45.1111761497387,10.0
0.5,100.0,200,20261013,2000,10000,10.211819129218132,7.127917293956898,31.225315949683363,44.802891627526265,10.0
0.5,100.0,200,20261014,2000,10000,9.695892018141361,6.681357562214885,29.337391217481468,46.74512358272409,10.0
0.5,100.0,200,20261015,2000,10000,10.139561476446364,7.161407561483202,30.18613784757207,44.54765823599871,10.0
0.5,100.0,200,20261016,2000,10000,9.71676438219206,6.934407948286037,28.627928514822543,43.00882549651419,10.0
0.7,140.0,200,20261012,2000,10000,15.637703594391766,10.950766888944585,45.67568898102081,67.63466596571277,16.666666666666668
0.7,140.0,200,20261013,2000,10000,17.163017943046402,12.399235131290709,51.18538770339853,68.47283856780706,16.666666666666668
0.7,140.0,200,20261014,2000,10000,15.720243354625488,10.713775511746348,48.039154442825804,74.14895630812168,16.666666666666668
0.7,140.0,200,20261015,2000,10000,16.749978544468995,12.016206366759263,48.461758632498686,71.56334756518135,16.666666666666668
0.7,140.0,200,20261016,2000,10000,16.18022755121014,10.956792777335522,49.835728448172745,84.89348537801789,16.666666666666668
0.85,170.0,200,20261012,2000,10000,29.00799259317289,21.34198336830906,84.71452099167287,124.99042216032308,33.333333333333336
0.85,170.0,200,20261013,2000,10000,36.61256739995197,26.62901400247364,106.20324355272714,167.38954323156108,33.333333333333336
0.85,170.0,200,20261014,2000,10000,28.897359272371496,19.820586723827915,91.0127693288949,131.96920797929934,33.333333333333336
0.85,170.0,200,20261015,2000,10000,31.082120122876056,24.058126327972218,84.51394138031887,111.8697840691496,33.333333333333336
0.85,170.0,200,20261016,2000,10000,30.972461484824198,21.16779214425435,86.59372382768282,189.88383787267438,33.333333333333336
0.9,180.0,200,20261012,2000,10000,40.030750865875575,30.0465886985819,113.24974836895052,165.1384030042351,50.0
0.9,180.0,200,20261013,2000,10000,68.7777493877496,44.49199096342582,223.77942912790516,270.6291610903335,50.0
0.9,180.0,200,20261014,2000,10000,40.00047753752643,28.89488136236551,130.3085500315433,169.1517433107954,50.0
0.9,180.0,200,20261015,2000,10000,47.45919100293088,38.888695082938796,121.41659157493123,155.61439941888722,50.0
0.9,180.0,200,20261016,2000,10000,43.783284053373755,30.34879429882764,121.47147493588761,252.23677147378254,50.0
0.95,190.0,200,20261012,2000,10000,62.166464318994954,46.17158530457033,171.48525633949774,231.97365183043317,100.0
0.95,190.0,200,20261013,2000,10000,216.93905934997915,163.43114806567627,529.4679610931041,609.4124152439093,100.0
0.95,190.0,200,20261014,2000,10000,69.72216863514758,47.564738904739556,205.58043987247032,259.26536739743966,100.0
0.95,190.0,200,20261015,2000,10000,95.54134881365272,85.57591834830447,217.82745302394346,262.934462113698,100.0
0.95,190.0,200,20261016,2000,10000,75.45303108862652,55.054895511283064,194.58234686405618,335.4009106712752,100.0
