context,requests,bandwidth_gbs,chunk_mib,payload_bytes,payload_gib,chunks,payload_ms,setup_ms,serialized_ms
1024,1,7,0.25,134217728,0.125,512,19.17396114285714,20.48,39.65396114285714
1024,1,7,4,134217728,0.125,32,19.17396114285714,1.28,20.453961142857143
1024,1,7,16,134217728,0.125,8,19.17396114285714,0.32,19.49396114285714
1024,1,25,0.25,134217728,0.125,512,5.36870912,20.48,25.848709120000002
1024,1,25,4,134217728,0.125,32,5.36870912,1.28,6.64870912
1024,1,25,16,134217728,0.125,8,5.36870912,0.32,5.68870912
1024,1,50,0.25,134217728,0.125,512,2.68435456,20.48,23.16435456
1024,1,50,4,134217728,0.125,32,2.68435456,1.28,3.9643545600000003
1024,1,50,16,134217728,0.125,8,2.68435456,0.32,3.00435456
1024,8,7,0.25,1073741824,1.0,4096,153.39168914285713,163.84,317.23168914285714
1024,8,7,4,1073741824,1.0,256,153.39168914285713,10.24,163.63168914285714
1024,8,7,16,1073741824,1.0,64,153.39168914285713,2.56,155.95168914285713
1024,8,25,0.25,1073741824,1.0,4096,42.94967296,163.84,206.78967296000002
1024,8,25,4,1073741824,1.0,256,42.94967296,10.24,53.18967296
1024,8,25,16,1073741824,1.0,64,42.94967296,2.56,45.50967296
1024,8,50,0.25,1073741824,1.0,4096,21.47483648,163.84,185.31483648
1024,8,50,4,1073741824,1.0,256,21.47483648,10.24,31.714836480000002
1024,8,50,16,1073741824,1.0,64,21.47483648,2.56,24.03483648
4096,1,7,0.25,536870912,0.5,2048,76.69584457142857,81.92,158.61584457142857
4096,1,7,4,536870912,0.5,128,76.69584457142857,5.12,81.81584457142857
4096,1,7,16,536870912,0.5,32,76.69584457142857,1.28,77.97584457142857
4096,1,25,0.25,536870912,0.5,2048,21.47483648,81.92,103.39483648000001
4096,1,25,4,536870912,0.5,128,21.47483648,5.12,26.59483648
4096,1,25,16,536870912,0.5,32,21.47483648,1.28,22.75483648
4096,1,50,0.25,536870912,0.5,2048,10.73741824,81.92,92.65741824
4096,1,50,4,536870912,0.5,128,10.73741824,5.12,15.857418240000001
4096,1,50,16,536870912,0.5,32,10.73741824,1.28,12.01741824
4096,8,7,0.25,4294967296,4.0,16384,613.5667565714285,655.36,1268.9267565714285
4096,8,7,4,4294967296,4.0,1024,613.5667565714285,40.96,654.5267565714286
4096,8,7,16,4294967296,4.0,256,613.5667565714285,10.24,623.8067565714285
4096,8,25,0.25,4294967296,4.0,16384,171.79869184,655.36,827.1586918400001
4096,8,25,4,4294967296,4.0,1024,171.79869184,40.96,212.75869184
4096,8,25,16,4294967296,4.0,256,171.79869184,10.24,182.03869184
4096,8,50,0.25,4294967296,4.0,16384,85.89934592,655.36,741.25934592
4096,8,50,4,4294967296,4.0,1024,85.89934592,40.96,126.85934592000001
4096,8,50,16,4294967296,4.0,256,85.89934592,10.24,96.13934592
8192,1,7,0.25,1073741824,1.0,4096,153.39168914285713,163.84,317.23168914285714
8192,1,7,4,1073741824,1.0,256,153.39168914285713,10.24,163.63168914285714
8192,1,7,16,1073741824,1.0,64,153.39168914285713,2.56,155.95168914285713
8192,1,25,0.25,1073741824,1.0,4096,42.94967296,163.84,206.78967296000002
8192,1,25,4,1073741824,1.0,256,42.94967296,10.24,53.18967296
8192,1,25,16,1073741824,1.0,64,42.94967296,2.56,45.50967296
8192,1,50,0.25,1073741824,1.0,4096,21.47483648,163.84,185.31483648
8192,1,50,4,1073741824,1.0,256,21.47483648,10.24,31.714836480000002
8192,1,50,16,1073741824,1.0,64,21.47483648,2.56,24.03483648
8192,8,7,0.25,8589934592,8.0,32768,1227.133513142857,1310.72,2537.853513142857
8192,8,7,4,8589934592,8.0,2048,1227.133513142857,81.92,1309.0535131428571
8192,8,7,16,8589934592,8.0,512,1227.133513142857,20.48,1247.613513142857
8192,8,25,0.25,8589934592,8.0,32768,343.59738368,1310.72,1654.3173836800001
8192,8,25,4,8589934592,8.0,2048,343.59738368,81.92,425.51738368
8192,8,25,16,8589934592,8.0,512,343.59738368,20.48,364.07738368
8192,8,50,0.25,8589934592,8.0,32768,171.79869184,1310.72,1482.51869184
8192,8,50,4,8589934592,8.0,2048,171.79869184,81.92,253.71869184000002
8192,8,50,16,8589934592,8.0,512,171.79869184,20.48,192.27869184
16384,1,7,0.25,2147483648,2.0,8192,306.78337828571426,327.68,634.4633782857143
16384,1,7,4,2147483648,2.0,512,306.78337828571426,20.48,327.2633782857143
16384,1,7,16,2147483648,2.0,128,306.78337828571426,5.12,311.90337828571427
16384,1,25,0.25,2147483648,2.0,8192,85.89934592,327.68,413.57934592000004
16384,1,25,4,2147483648,2.0,512,85.89934592,20.48,106.37934592
16384,1,25,16,2147483648,2.0,128,85.89934592,5.12,91.01934592
16384,1,50,0.25,2147483648,2.0,8192,42.94967296,327.68,370.62967296
16384,1,50,4,2147483648,2.0,512,42.94967296,20.48,63.429672960000005
16384,1,50,16,2147483648,2.0,128,42.94967296,5.12,48.06967296
16384,8,7,0.25,17179869184,16.0,65536,2454.267026285714,2621.44,5075.707026285714
16384,8,7,4,17179869184,16.0,4096,2454.267026285714,163.84,2618.1070262857143
16384,8,7,16,17179869184,16.0,1024,2454.267026285714,40.96,2495.227026285714
16384,8,25,0.25,17179869184,16.0,65536,687.19476736,2621.44,3308.6347673600003
16384,8,25,4,17179869184,16.0,4096,687.19476736,163.84,851.03476736
16384,8,25,16,17179869184,16.0,1024,687.19476736,40.96,728.15476736
16384,8,50,0.25,17179869184,16.0,65536,343.59738368,2621.44,2965.03738368
16384,8,50,4,17179869184,16.0,4096,343.59738368,163.84,507.43738368000004
16384,8,50,16,17179869184,16.0,1024,343.59738368,40.96,384.55738368
32768,1,7,0.25,4294967296,4.0,16384,613.5667565714285,655.36,1268.9267565714285
32768,1,7,4,4294967296,4.0,1024,613.5667565714285,40.96,654.5267565714286
32768,1,7,16,4294967296,4.0,256,613.5667565714285,10.24,623.8067565714285
32768,1,25,0.25,4294967296,4.0,16384,171.79869184,655.36,827.1586918400001
32768,1,25,4,4294967296,4.0,1024,171.79869184,40.96,212.75869184
32768,1,25,16,4294967296,4.0,256,171.79869184,10.24,182.03869184
32768,1,50,0.25,4294967296,4.0,16384,85.89934592,655.36,741.25934592
32768,1,50,4,4294967296,4.0,1024,85.89934592,40.96,126.85934592000001
32768,1,50,16,4294967296,4.0,256,85.89934592,10.24,96.13934592
32768,8,7,0.25,34359738368,32.0,131072,4908.534052571428,5242.88,10151.414052571428
32768,8,7,4,34359738368,32.0,8192,4908.534052571428,327.68,5236.2140525714285
32768,8,7,16,34359738368,32.0,2048,4908.534052571428,81.92,4990.454052571428
32768,8,25,0.25,34359738368,32.0,131072,1374.38953472,5242.88,6617.269534720001
32768,8,25,4,34359738368,32.0,8192,1374.38953472,327.68,1702.06953472
32768,8,25,16,34359738368,32.0,2048,1374.38953472,81.92,1456.30953472
32768,8,50,0.25,34359738368,32.0,131072,687.19476736,5242.88,5930.07476736
32768,8,50,4,34359738368,32.0,8192,687.19476736,327.68,1014.8747673600001
32768,8,50,16,34359738368,32.0,2048,687.19476736,81.92,769.11476736
